feature	gene_set
MCM5	seurat_legacy_s
PCNA	seurat_legacy_s
TYMS	seurat_legacy_s
FEN1	seurat_legacy_s
MCM2	seurat_legacy_s
MCM4	seurat_legacy_s
RRM1	seurat_legacy_s
UNG	seurat_legacy_s
GINS2	seurat_legacy_s
MCM6	seurat_legacy_s
CDCA7	seurat_legacy_s
DTL	seurat_legacy_s
PRIM1	seurat_legacy_s
UHRF1	seurat_legacy_s
MLF1IP	seurat_legacy_s
HELLS	seurat_legacy_s
RFC2	seurat_legacy_s
RPA2	seurat_legacy_s
NASP	seurat_legacy_s
RAD51AP1	seurat_legacy_s
GMNN	seurat_legacy_s
WDR76	seurat_legacy_s
SLBP	seurat_legacy_s
CCNE2	seurat_legacy_s
UBR7	seurat_legacy_s
POLD3	seurat_legacy_s
MSH2	seurat_legacy_s
ATAD2	seurat_legacy_s
RAD51	seurat_legacy_s
RRM2	seurat_legacy_s
CDC45	seurat_legacy_s
CDC6	seurat_legacy_s
EXO1	seurat_legacy_s
TIPIN	seurat_legacy_s
DSCC1	seurat_legacy_s
BLM	seurat_legacy_s
CASP8AP2	seurat_legacy_s
USP1	seurat_legacy_s
CLSPN	seurat_legacy_s
POLA1	seurat_legacy_s
CHAF1B	seurat_legacy_s
BRIP1	seurat_legacy_s
E2F8	seurat_legacy_s
HMGB2	seurat_legacy_g2m
CDK1	seurat_legacy_g2m
NUSAP1	seurat_legacy_g2m
UBE2C	seurat_legacy_g2m
BIRC5	seurat_legacy_g2m
TPX2	seurat_legacy_g2m
TOP2A	seurat_legacy_g2m
NDC80	seurat_legacy_g2m
CKS2	seurat_legacy_g2m
NUF2	seurat_legacy_g2m
CKS1B	seurat_legacy_g2m
MKI67	seurat_legacy_g2m
TMPO	seurat_legacy_g2m
CENPF	seurat_legacy_g2m
TACC3	seurat_legacy_g2m
FAM64A	seurat_legacy_g2m
SMC4	seurat_legacy_g2m
CCNB2	seurat_legacy_g2m
CKAP2L	seurat_legacy_g2m
CKAP2	seurat_legacy_g2m
AURKB	seurat_legacy_g2m
BUB1	seurat_legacy_g2m
KIF11	seurat_legacy_g2m
ANP32E	seurat_legacy_g2m
TUBB4B	seurat_legacy_g2m
GTSE1	seurat_legacy_g2m
KIF20B	seurat_legacy_g2m
HJURP	seurat_legacy_g2m
CDCA3	seurat_legacy_g2m
HN1	seurat_legacy_g2m
CDC20	seurat_legacy_g2m
TTK	seurat_legacy_g2m
CDC25C	seurat_legacy_g2m
KIF2C	seurat_legacy_g2m
RANGAP1	seurat_legacy_g2m
NCAPD2	seurat_legacy_g2m
DLGAP5	seurat_legacy_g2m
CDCA2	seurat_legacy_g2m
CDCA8	seurat_legacy_g2m
ECT2	seurat_legacy_g2m
KIF23	seurat_legacy_g2m
HMMR	seurat_legacy_g2m
AURKA	seurat_legacy_g2m
PSRC1	seurat_legacy_g2m
ANLN	seurat_legacy_g2m
LBR	seurat_legacy_g2m
CKAP5	seurat_legacy_g2m
CENPE	seurat_legacy_g2m
CTCF	seurat_legacy_g2m
NEK2	seurat_legacy_g2m
G2E3	seurat_legacy_g2m
GAS2L3	seurat_legacy_g2m
CBX5	seurat_legacy_g2m
CENPA	seurat_legacy_g2m
MCM5	seurat_2019_s
PCNA	seurat_2019_s
TYMS	seurat_2019_s
FEN1	seurat_2019_s
MCM7	seurat_2019_s
MCM4	seurat_2019_s
RRM1	seurat_2019_s
UNG	seurat_2019_s
GINS2	seurat_2019_s
MCM6	seurat_2019_s
CDCA7	seurat_2019_s
DTL	seurat_2019_s
PRIM1	seurat_2019_s
UHRF1	seurat_2019_s
CENPU	seurat_2019_s
HELLS	seurat_2019_s
RFC2	seurat_2019_s
POLR1B	seurat_2019_s
NASP	seurat_2019_s
RAD51AP1	seurat_2019_s
GMNN	seurat_2019_s
WDR76	seurat_2019_s
SLBP	seurat_2019_s
CCNE2	seurat_2019_s
UBR7	seurat_2019_s
POLD3	seurat_2019_s
MSH2	seurat_2019_s
ATAD2	seurat_2019_s
RAD51	seurat_2019_s
RRM2	seurat_2019_s
CDC45	seurat_2019_s
CDC6	seurat_2019_s
EXO1	seurat_2019_s
TIPIN	seurat_2019_s
DSCC1	seurat_2019_s
BLM	seurat_2019_s
CASP8AP2	seurat_2019_s
USP1	seurat_2019_s
CLSPN	seurat_2019_s
POLA1	seurat_2019_s
CHAF1B	seurat_2019_s
MRPL36	seurat_2019_s
E2F8	seurat_2019_s
HMGB2	seurat_2019_g2m
CDK1	seurat_2019_g2m
NUSAP1	seurat_2019_g2m
UBE2C	seurat_2019_g2m
BIRC5	seurat_2019_g2m
TPX2	seurat_2019_g2m
TOP2A	seurat_2019_g2m
NDC80	seurat_2019_g2m
CKS2	seurat_2019_g2m
NUF2	seurat_2019_g2m
CKS1B	seurat_2019_g2m
MKI67	seurat_2019_g2m
TMPO	seurat_2019_g2m
CENPF	seurat_2019_g2m
TACC3	seurat_2019_g2m
PIMREG	seurat_2019_g2m
SMC4	seurat_2019_g2m
CCNB2	seurat_2019_g2m
CKAP2L	seurat_2019_g2m
CKAP2	seurat_2019_g2m
AURKB	seurat_2019_g2m
BUB1	seurat_2019_g2m
KIF11	seurat_2019_g2m
ANP32E	seurat_2019_g2m
TUBB4B	seurat_2019_g2m
GTSE1	seurat_2019_g2m
KIF20B	seurat_2019_g2m
HJURP	seurat_2019_g2m
CDCA3	seurat_2019_g2m
JPT1	seurat_2019_g2m
CDC20	seurat_2019_g2m
TTK	seurat_2019_g2m
CDC25C	seurat_2019_g2m
KIF2C	seurat_2019_g2m
RANGAP1	seurat_2019_g2m
NCAPD2	seurat_2019_g2m
DLGAP5	seurat_2019_g2m
CDCA2	seurat_2019_g2m
CDCA8	seurat_2019_g2m
ECT2	seurat_2019_g2m
KIF23	seurat_2019_g2m
HMMR	seurat_2019_g2m
AURKA	seurat_2019_g2m
PSRC1	seurat_2019_g2m
ANLN	seurat_2019_g2m
LBR	seurat_2019_g2m
CKAP5	seurat_2019_g2m
CENPE	seurat_2019_g2m
CTCF	seurat_2019_g2m
NEK2	seurat_2019_g2m
G2E3	seurat_2019_g2m
GAS2L3	seurat_2019_g2m
CBX5	seurat_2019_g2m
CENPA	seurat_2019_g2m
ABCA7	WHITFIELD_CELL_CYCLE_G1S
ACD	WHITFIELD_CELL_CYCLE_G1S
ACYP1	WHITFIELD_CELL_CYCLE_G1S
ADAMTS1	WHITFIELD_CELL_CYCLE_G1S
ADCK2	WHITFIELD_CELL_CYCLE_G1S
ADCY6	WHITFIELD_CELL_CYCLE_G1S
ANKRD10	WHITFIELD_CELL_CYCLE_G1S
AP3M2	WHITFIELD_CELL_CYCLE_G1S
AP4B1	WHITFIELD_CELL_CYCLE_G1S
APEX2	WHITFIELD_CELL_CYCLE_G1S
ARGLU1	WHITFIELD_CELL_CYCLE_G1S
ATAD2	WHITFIELD_CELL_CYCLE_G1S
BAIAP2	WHITFIELD_CELL_CYCLE_G1S
BARD1	WHITFIELD_CELL_CYCLE_G1S
BRD7	WHITFIELD_CELL_CYCLE_G1S
CAPN7	WHITFIELD_CELL_CYCLE_G1S
CASP2	WHITFIELD_CELL_CYCLE_G1S
CASP8AP2	WHITFIELD_CELL_CYCLE_G1S
CCDC180	WHITFIELD_CELL_CYCLE_G1S
CCNE1	WHITFIELD_CELL_CYCLE_G1S
CCNE2	WHITFIELD_CELL_CYCLE_G1S
CDC25A	WHITFIELD_CELL_CYCLE_G1S
CDC6	WHITFIELD_CELL_CYCLE_G1S
CDCA7	WHITFIELD_CELL_CYCLE_G1S
CDCA7L	WHITFIELD_CELL_CYCLE_G1S
CDK20	WHITFIELD_CELL_CYCLE_G1S
CHAF1A	WHITFIELD_CELL_CYCLE_G1S
CHAF1B	WHITFIELD_CELL_CYCLE_G1S
CLSPN	WHITFIELD_CELL_CYCLE_G1S
CREBZF	WHITFIELD_CELL_CYCLE_G1S
CTSD	WHITFIELD_CELL_CYCLE_G1S
DDX12P	WHITFIELD_CELL_CYCLE_G1S
DENND11	WHITFIELD_CELL_CYCLE_G1S
DHFR2	WHITFIELD_CELL_CYCLE_G1S
DIS3	WHITFIELD_CELL_CYCLE_G1S
DNAJC3	WHITFIELD_CELL_CYCLE_G1S
DSCC1	WHITFIELD_CELL_CYCLE_G1S
DTL	WHITFIELD_CELL_CYCLE_G1S
E2F1	WHITFIELD_CELL_CYCLE_G1S
E2F2	WHITFIELD_CELL_CYCLE_G1S
EIF2A	WHITFIELD_CELL_CYCLE_G1S
ESD	WHITFIELD_CELL_CYCLE_G1S
FAM111B	WHITFIELD_CELL_CYCLE_G1S
FANCG	WHITFIELD_CELL_CYCLE_G1S
FBXL20	WHITFIELD_CELL_CYCLE_G1S
FLAD1	WHITFIELD_CELL_CYCLE_G1S
GINS2	WHITFIELD_CELL_CYCLE_G1S
GINS3	WHITFIELD_CELL_CYCLE_G1S
GMNN	WHITFIELD_CELL_CYCLE_G1S
GON7	WHITFIELD_CELL_CYCLE_G1S
HCG18	WHITFIELD_CELL_CYCLE_G1S
HORMAD1	WHITFIELD_CELL_CYCLE_G1S
HOXB4	WHITFIELD_CELL_CYCLE_G1S
HRAS	WHITFIELD_CELL_CYCLE_G1S
HSF2	WHITFIELD_CELL_CYCLE_G1S
HSPB8	WHITFIELD_CELL_CYCLE_G1S
INAFM2	WHITFIELD_CELL_CYCLE_G1S
INTS8	WHITFIELD_CELL_CYCLE_G1S
IVNS1ABP	WHITFIELD_CELL_CYCLE_G1S
KANK2	WHITFIELD_CELL_CYCLE_G1S
KCNC4	WHITFIELD_CELL_CYCLE_G1S
KIAA1586	WHITFIELD_CELL_CYCLE_G1S
LNPEP	WHITFIELD_CELL_CYCLE_G1S
MAP2K6	WHITFIELD_CELL_CYCLE_G1S
MBOAT1	WHITFIELD_CELL_CYCLE_G1S
MCM2	WHITFIELD_CELL_CYCLE_G1S
MCM4	WHITFIELD_CELL_CYCLE_G1S
MCM5	WHITFIELD_CELL_CYCLE_G1S
MCM6	WHITFIELD_CELL_CYCLE_G1S
MDM1	WHITFIELD_CELL_CYCLE_G1S
MED31	WHITFIELD_CELL_CYCLE_G1S
MNT	WHITFIELD_CELL_CYCLE_G1S
MNX1	WHITFIELD_CELL_CYCLE_G1S
MRI1	WHITFIELD_CELL_CYCLE_G1S
MSH2	WHITFIELD_CELL_CYCLE_G1S
NASP	WHITFIELD_CELL_CYCLE_G1S
NEAT1	WHITFIELD_CELL_CYCLE_G1S
NKTR	WHITFIELD_CELL_CYCLE_G1S
NPAT	WHITFIELD_CELL_CYCLE_G1S
NSUN5P2	WHITFIELD_CELL_CYCLE_G1S
NUP43	WHITFIELD_CELL_CYCLE_G1S
ORC1	WHITFIELD_CELL_CYCLE_G1S
ORMDL1	WHITFIELD_CELL_CYCLE_G1S
OSBPL6	WHITFIELD_CELL_CYCLE_G1S
OTULIN	WHITFIELD_CELL_CYCLE_G1S
PABIR1	WHITFIELD_CELL_CYCLE_G1S
PANK2	WHITFIELD_CELL_CYCLE_G1S
PASK	WHITFIELD_CELL_CYCLE_G1S
PCNA	WHITFIELD_CELL_CYCLE_G1S
PCNAP1	WHITFIELD_CELL_CYCLE_G1S
PDXP	WHITFIELD_CELL_CYCLE_G1S
PLCXD1	WHITFIELD_CELL_CYCLE_G1S
PNN	WHITFIELD_CELL_CYCLE_G1S
POLD3	WHITFIELD_CELL_CYCLE_G1S
RAB23	WHITFIELD_CELL_CYCLE_G1S
RECQL4	WHITFIELD_CELL_CYCLE_G1S
RMI2	WHITFIELD_CELL_CYCLE_G1S
RNF113A	WHITFIELD_CELL_CYCLE_G1S
RNPC3	WHITFIELD_CELL_CYCLE_G1S
RSRP1	WHITFIELD_CELL_CYCLE_G1S
RUNX1	WHITFIELD_CELL_CYCLE_G1S
SDC1	WHITFIELD_CELL_CYCLE_G1S
SEC62	WHITFIELD_CELL_CYCLE_G1S
SERPINB3	WHITFIELD_CELL_CYCLE_G1S
SKP2	WHITFIELD_CELL_CYCLE_G1S
SLBP	WHITFIELD_CELL_CYCLE_G1S
SLC25A36	WHITFIELD_CELL_CYCLE_G1S
SPIN3	WHITFIELD_CELL_CYCLE_G1S
SPIN4	WHITFIELD_CELL_CYCLE_G1S
SRSF7	WHITFIELD_CELL_CYCLE_G1S
SSR3	WHITFIELD_CELL_CYCLE_G1S
TAF15	WHITFIELD_CELL_CYCLE_G1S
TCAF1	WHITFIELD_CELL_CYCLE_G1S
TIPIN	WHITFIELD_CELL_CYCLE_G1S
TMEM243	WHITFIELD_CELL_CYCLE_G1S
TONSL-AS1	WHITFIELD_CELL_CYCLE_G1S
TOPBP1	WHITFIELD_CELL_CYCLE_G1S
TRA2A	WHITFIELD_CELL_CYCLE_G1S
TREX1	WHITFIELD_CELL_CYCLE_G1S
TRIM45	WHITFIELD_CELL_CYCLE_G1S
TRMT2A	WHITFIELD_CELL_CYCLE_G1S
TSPEAR-AS1	WHITFIELD_CELL_CYCLE_G1S
TTC14	WHITFIELD_CELL_CYCLE_G1S
UBR7	WHITFIELD_CELL_CYCLE_G1S
UHRF1	WHITFIELD_CELL_CYCLE_G1S
UNG	WHITFIELD_CELL_CYCLE_G1S
USP53	WHITFIELD_CELL_CYCLE_G1S
VPS72	WHITFIELD_CELL_CYCLE_G1S
WDR76	WHITFIELD_CELL_CYCLE_G1S
ZMYND19	WHITFIELD_CELL_CYCLE_G1S
ZNF367	WHITFIELD_CELL_CYCLE_G1S
ZNF414	WHITFIELD_CELL_CYCLE_G1S
ZRANB2	WHITFIELD_CELL_CYCLE_G1S
ADGRG6	WHITFIELD_CELL_CYCLE_G2
ALKBH1	WHITFIELD_CELL_CYCLE_G2
ANLN	WHITFIELD_CELL_CYCLE_G2
AP3D1	WHITFIELD_CELL_CYCLE_G2
ARHGAP11B	WHITFIELD_CELL_CYCLE_G2
ARHGAP19	WHITFIELD_CELL_CYCLE_G2
ARHGEF39	WHITFIELD_CELL_CYCLE_G2
ARMC1	WHITFIELD_CELL_CYCLE_G2
ASXL1	WHITFIELD_CELL_CYCLE_G2
ATL2	WHITFIELD_CELL_CYCLE_G2
AURKB	WHITFIELD_CELL_CYCLE_G2
BCLAF1	WHITFIELD_CELL_CYCLE_G2
BORA	WHITFIELD_CELL_CYCLE_G2
BRD8	WHITFIELD_CELL_CYCLE_G2
BTNL9	WHITFIELD_CELL_CYCLE_G2
BUB3	WHITFIELD_CELL_CYCLE_G2
C2orf69	WHITFIELD_CELL_CYCLE_G2
CASP3	WHITFIELD_CELL_CYCLE_G2
CBX5	WHITFIELD_CELL_CYCLE_G2
CCN4	WHITFIELD_CELL_CYCLE_G2
CCNA2	WHITFIELD_CELL_CYCLE_G2
CCNF	WHITFIELD_CELL_CYCLE_G2
CDC16	WHITFIELD_CELL_CYCLE_G2
CDC25C	WHITFIELD_CELL_CYCLE_G2
CDCA2	WHITFIELD_CELL_CYCLE_G2
CDCA3	WHITFIELD_CELL_CYCLE_G2
CDCA8	WHITFIELD_CELL_CYCLE_G2
CDK1	WHITFIELD_CELL_CYCLE_G2
CDKL5	WHITFIELD_CELL_CYCLE_G2
CDKN1B	WHITFIELD_CELL_CYCLE_G2
CDKN2C	WHITFIELD_CELL_CYCLE_G2
CDR2	WHITFIELD_CELL_CYCLE_G2
CENPL	WHITFIELD_CELL_CYCLE_G2
CEP350	WHITFIELD_CELL_CYCLE_G2
CFAP90	WHITFIELD_CELL_CYCLE_G2
CFD	WHITFIELD_CELL_CYCLE_G2
CFLAR	WHITFIELD_CELL_CYCLE_G2
CHEK2	WHITFIELD_CELL_CYCLE_G2
CIP2A	WHITFIELD_CELL_CYCLE_G2
CKAP2	WHITFIELD_CELL_CYCLE_G2
CKAP2L	WHITFIELD_CELL_CYCLE_G2
CXCL14	WHITFIELD_CELL_CYCLE_G2
CYB5R2	WHITFIELD_CELL_CYCLE_G2
CYTH2	WHITFIELD_CELL_CYCLE_G2
DCAF7	WHITFIELD_CELL_CYCLE_G2
DET1	WHITFIELD_CELL_CYCLE_G2
DHX8	WHITFIELD_CELL_CYCLE_G2
DNAJB1	WHITFIELD_CELL_CYCLE_G2
EBI3	WHITFIELD_CELL_CYCLE_G2
ENTPD5	WHITFIELD_CELL_CYCLE_G2
ESPL1	WHITFIELD_CELL_CYCLE_G2
FADD	WHITFIELD_CELL_CYCLE_G2
FAM110A	WHITFIELD_CELL_CYCLE_G2
FAM72B	WHITFIELD_CELL_CYCLE_G2
FAM83D	WHITFIELD_CELL_CYCLE_G2
FAN1	WHITFIELD_CELL_CYCLE_G2
FANCD2	WHITFIELD_CELL_CYCLE_G2
FZR1	WHITFIELD_CELL_CYCLE_G2
G2E3	WHITFIELD_CELL_CYCLE_G2
GABPB1	WHITFIELD_CELL_CYCLE_G2
GAS1	WHITFIELD_CELL_CYCLE_G2
GAS2L3	WHITFIELD_CELL_CYCLE_G2
H2AC25	WHITFIELD_CELL_CYCLE_G2
H2AX	WHITFIELD_CELL_CYCLE_G2
HAUS8	WHITFIELD_CELL_CYCLE_G2
HCP5	WHITFIELD_CELL_CYCLE_G2
HINT3	WHITFIELD_CELL_CYCLE_G2
HIPK2	WHITFIELD_CELL_CYCLE_G2
HJURP	WHITFIELD_CELL_CYCLE_G2
HMGB2	WHITFIELD_CELL_CYCLE_G2
HP1BP3	WHITFIELD_CELL_CYCLE_G2
HSPA2	WHITFIELD_CELL_CYCLE_G2
IFNAR1	WHITFIELD_CELL_CYCLE_G2
JPT1	WHITFIELD_CELL_CYCLE_G2
KATNA1	WHITFIELD_CELL_CYCLE_G2
KATNBL1	WHITFIELD_CELL_CYCLE_G2
KBTBD2	WHITFIELD_CELL_CYCLE_G2
KDM4A	WHITFIELD_CELL_CYCLE_G2
KIF11	WHITFIELD_CELL_CYCLE_G2
KIF22	WHITFIELD_CELL_CYCLE_G2
KIF23	WHITFIELD_CELL_CYCLE_G2
KIF5B	WHITFIELD_CELL_CYCLE_G2
KIFC1	WHITFIELD_CELL_CYCLE_G2
KLF6	WHITFIELD_CELL_CYCLE_G2
KPNA2	WHITFIELD_CELL_CYCLE_G2
LBR	WHITFIELD_CELL_CYCLE_G2
LIX1L	WHITFIELD_CELL_CYCLE_G2
LMNB1	WHITFIELD_CELL_CYCLE_G2
LTBP3	WHITFIELD_CELL_CYCLE_G2
MAD2L1	WHITFIELD_CELL_CYCLE_G2
MALAT1	WHITFIELD_CELL_CYCLE_G2
MELK	WHITFIELD_CELL_CYCLE_G2
MEPCE	WHITFIELD_CELL_CYCLE_G2
MET	WHITFIELD_CELL_CYCLE_G2
MGAT2	WHITFIELD_CELL_CYCLE_G2
MID1	WHITFIELD_CELL_CYCLE_G2
MIS18BP1	WHITFIELD_CELL_CYCLE_G2
MND1	WHITFIELD_CELL_CYCLE_G2
MTCL1	WHITFIELD_CELL_CYCLE_G2
MUC1	WHITFIELD_CELL_CYCLE_G2
NCAPD3	WHITFIELD_CELL_CYCLE_G2
NCAPH	WHITFIELD_CELL_CYCLE_G2
NCOA5	WHITFIELD_CELL_CYCLE_G2
NDC80	WHITFIELD_CELL_CYCLE_G2
NEIL3	WHITFIELD_CELL_CYCLE_G2
NFIC	WHITFIELD_CELL_CYCLE_G2
NIPBL	WHITFIELD_CELL_CYCLE_G2
NLRP2	WHITFIELD_CELL_CYCLE_G2
NMB	WHITFIELD_CELL_CYCLE_G2
NNMT	WHITFIELD_CELL_CYCLE_G2
NR3C1	WHITFIELD_CELL_CYCLE_G2
NUCKS1	WHITFIELD_CELL_CYCLE_G2
NUMA1	WHITFIELD_CELL_CYCLE_G2
NUSAP1	WHITFIELD_CELL_CYCLE_G2
PCED1A	WHITFIELD_CELL_CYCLE_G2
PIF1	WHITFIELD_CELL_CYCLE_G2
PKNOX1	WHITFIELD_CELL_CYCLE_G2
POLQ	WHITFIELD_CELL_CYCLE_G2
PPP1R2	WHITFIELD_CELL_CYCLE_G2
PSRC1	WHITFIELD_CELL_CYCLE_G2
RANGAP1	WHITFIELD_CELL_CYCLE_G2
RCCD1	WHITFIELD_CELL_CYCLE_G2
RDH11	WHITFIELD_CELL_CYCLE_G2
RGS3	WHITFIELD_CELL_CYCLE_G2
RHNO1	WHITFIELD_CELL_CYCLE_G2
RIDA	WHITFIELD_CELL_CYCLE_G2
RNF141	WHITFIELD_CELL_CYCLE_G2
SAP30	WHITFIELD_CELL_CYCLE_G2
SGCD	WHITFIELD_CELL_CYCLE_G2
SKA3	WHITFIELD_CELL_CYCLE_G2
SMC4	WHITFIELD_CELL_CYCLE_G2
SORL1	WHITFIELD_CELL_CYCLE_G2
STAT1	WHITFIELD_CELL_CYCLE_G2
STAT5B	WHITFIELD_CELL_CYCLE_G2
STIL	WHITFIELD_CELL_CYCLE_G2
STK17B	WHITFIELD_CELL_CYCLE_G2
SV2B	WHITFIELD_CELL_CYCLE_G2
TEDC1	WHITFIELD_CELL_CYCLE_G2
TFAP2A	WHITFIELD_CELL_CYCLE_G2
TIMP1	WHITFIELD_CELL_CYCLE_G2
TMEM132A	WHITFIELD_CELL_CYCLE_G2
TMPO	WHITFIELD_CELL_CYCLE_G2
TNPO2	WHITFIELD_CELL_CYCLE_G2
TOP2A	WHITFIELD_CELL_CYCLE_G2
TRAIP	WHITFIELD_CELL_CYCLE_G2
TRIM59	WHITFIELD_CELL_CYCLE_G2
TRIM69	WHITFIELD_CELL_CYCLE_G2
TRMT2A	WHITFIELD_CELL_CYCLE_G2
TTC38	WHITFIELD_CELL_CYCLE_G2
TTF2	WHITFIELD_CELL_CYCLE_G2
TUBA1A	WHITFIELD_CELL_CYCLE_G2
TUBA3C	WHITFIELD_CELL_CYCLE_G2
TUBA4A	WHITFIELD_CELL_CYCLE_G2
TUBB	WHITFIELD_CELL_CYCLE_G2
TUBB2A	WHITFIELD_CELL_CYCLE_G2
TUBB4B	WHITFIELD_CELL_CYCLE_G2
TUBD1	WHITFIELD_CELL_CYCLE_G2
TYSND1	WHITFIELD_CELL_CYCLE_G2
UACA	WHITFIELD_CELL_CYCLE_G2
UBE2C	WHITFIELD_CELL_CYCLE_G2
UBXN11	WHITFIELD_CELL_CYCLE_G2
UNC5CL	WHITFIELD_CELL_CYCLE_G2
VPS25	WHITFIELD_CELL_CYCLE_G2
VTA1	WHITFIELD_CELL_CYCLE_G2
WDR62	WHITFIELD_CELL_CYCLE_G2
WSB1	WHITFIELD_CELL_CYCLE_G2
ZNF587	WHITFIELD_CELL_CYCLE_G2
ZNHIT2	WHITFIELD_CELL_CYCLE_G2
ADGRE5	WHITFIELD_CELL_CYCLE_G2M
ADH4	WHITFIELD_CELL_CYCLE_G2M
ADM5	WHITFIELD_CELL_CYCLE_G2M
AFDN	WHITFIELD_CELL_CYCLE_G2M
AHI1	WHITFIELD_CELL_CYCLE_G2M
AKIRIN2	WHITFIELD_CELL_CYCLE_G2M
ANLN	WHITFIELD_CELL_CYCLE_G2M
ANP32B	WHITFIELD_CELL_CYCLE_G2M
ANP32E	WHITFIELD_CELL_CYCLE_G2M
ARHGAP19	WHITFIELD_CELL_CYCLE_G2M
ARHGDIB	WHITFIELD_CELL_CYCLE_G2M
ARL6IP1	WHITFIELD_CELL_CYCLE_G2M
ASPHD2	WHITFIELD_CELL_CYCLE_G2M
ASXL1	WHITFIELD_CELL_CYCLE_G2M
ATF7IP	WHITFIELD_CELL_CYCLE_G2M
ATXN1L	WHITFIELD_CELL_CYCLE_G2M
AURKA	WHITFIELD_CELL_CYCLE_G2M
B4GALT1	WHITFIELD_CELL_CYCLE_G2M
BIRC2	WHITFIELD_CELL_CYCLE_G2M
BIRC5	WHITFIELD_CELL_CYCLE_G2M
BMP2	WHITFIELD_CELL_CYCLE_G2M
BUB1	WHITFIELD_CELL_CYCLE_G2M
BUB1B	WHITFIELD_CELL_CYCLE_G2M
C6	WHITFIELD_CELL_CYCLE_G2M
CCDC88A	WHITFIELD_CELL_CYCLE_G2M
CCNA2	WHITFIELD_CELL_CYCLE_G2M
CCNB1	WHITFIELD_CELL_CYCLE_G2M
CCNB2	WHITFIELD_CELL_CYCLE_G2M
CCND1	WHITFIELD_CELL_CYCLE_G2M
CCSAP	WHITFIELD_CELL_CYCLE_G2M
CDC25B	WHITFIELD_CELL_CYCLE_G2M
CDC27	WHITFIELD_CELL_CYCLE_G2M
CDC42EP1	WHITFIELD_CELL_CYCLE_G2M
CDCA3	WHITFIELD_CELL_CYCLE_G2M
CDKN2D	WHITFIELD_CELL_CYCLE_G2M
CENPA	WHITFIELD_CELL_CYCLE_G2M
CENPE	WHITFIELD_CELL_CYCLE_G2M
CENPF	WHITFIELD_CELL_CYCLE_G2M
CEP55	WHITFIELD_CELL_CYCLE_G2M
CFLAR	WHITFIELD_CELL_CYCLE_G2M
CKAP2	WHITFIELD_CELL_CYCLE_G2M
CKAP5	WHITFIELD_CELL_CYCLE_G2M
CKS1B	WHITFIELD_CELL_CYCLE_G2M
CKS2	WHITFIELD_CELL_CYCLE_G2M
CNN2	WHITFIELD_CELL_CYCLE_G2M
CNTROB	WHITFIELD_CELL_CYCLE_G2M
CREBRF	WHITFIELD_CELL_CYCLE_G2M
CSGALNACT1	WHITFIELD_CELL_CYCLE_G2M
CTNNA1	WHITFIELD_CELL_CYCLE_G2M
CTNND1	WHITFIELD_CELL_CYCLE_G2M
DEPDC1	WHITFIELD_CELL_CYCLE_G2M
DEPDC1B	WHITFIELD_CELL_CYCLE_G2M
DLGAP5	WHITFIELD_CELL_CYCLE_G2M
DNAJA1	WHITFIELD_CELL_CYCLE_G2M
DNAJB1	WHITFIELD_CELL_CYCLE_G2M
DR1	WHITFIELD_CELL_CYCLE_G2M
DUSP4	WHITFIELD_CELL_CYCLE_G2M
DZIP3	WHITFIELD_CELL_CYCLE_G2M
E2F5	WHITFIELD_CELL_CYCLE_G2M
ECT2	WHITFIELD_CELL_CYCLE_G2M
FGA	WHITFIELD_CELL_CYCLE_G2M
FOXM1	WHITFIELD_CELL_CYCLE_G2M
FRZB	WHITFIELD_CELL_CYCLE_G2M
FYN	WHITFIELD_CELL_CYCLE_G2M
G2E3	WHITFIELD_CELL_CYCLE_G2M
GADD45A	WHITFIELD_CELL_CYCLE_G2M
GAS2L3	WHITFIELD_CELL_CYCLE_G2M
GAS6	WHITFIELD_CELL_CYCLE_G2M
GLI1	WHITFIELD_CELL_CYCLE_G2M
GOT1	WHITFIELD_CELL_CYCLE_G2M
GPSM2	WHITFIELD_CELL_CYCLE_G2M
GRK6	WHITFIELD_CELL_CYCLE_G2M
GSE1	WHITFIELD_CELL_CYCLE_G2M
GTSE1	WHITFIELD_CELL_CYCLE_G2M
HCFC1	WHITFIELD_CELL_CYCLE_G2M
HERPUD2	WHITFIELD_CELL_CYCLE_G2M
HMG20B	WHITFIELD_CELL_CYCLE_G2M
HMGB3	WHITFIELD_CELL_CYCLE_G2M
HMMR	WHITFIELD_CELL_CYCLE_G2M
HP1BP3	WHITFIELD_CELL_CYCLE_G2M
HPS4	WHITFIELD_CELL_CYCLE_G2M
HSPA13	WHITFIELD_CELL_CYCLE_G2M
HSPA1L	WHITFIELD_CELL_CYCLE_G2M
HSPA8	WHITFIELD_CELL_CYCLE_G2M
IDI2	WHITFIELD_CELL_CYCLE_G2M
IDO1	WHITFIELD_CELL_CYCLE_G2M
INPP5K	WHITFIELD_CELL_CYCLE_G2M
INSM1	WHITFIELD_CELL_CYCLE_G2M
ITPR1	WHITFIELD_CELL_CYCLE_G2M
JADE2	WHITFIELD_CELL_CYCLE_G2M
JPT1	WHITFIELD_CELL_CYCLE_G2M
KCTD2	WHITFIELD_CELL_CYCLE_G2M
KIF14	WHITFIELD_CELL_CYCLE_G2M
KIF20B	WHITFIELD_CELL_CYCLE_G2M
KIF2C	WHITFIELD_CELL_CYCLE_G2M
KIF5B	WHITFIELD_CELL_CYCLE_G2M
KLF9	WHITFIELD_CELL_CYCLE_G2M
KLHDC9	WHITFIELD_CELL_CYCLE_G2M
KMT5A	WHITFIELD_CELL_CYCLE_G2M
KMT5B	WHITFIELD_CELL_CYCLE_G2M
KNSTRN	WHITFIELD_CELL_CYCLE_G2M
LBR	WHITFIELD_CELL_CYCLE_G2M
LMNA	WHITFIELD_CELL_CYCLE_G2M
LPP	WHITFIELD_CELL_CYCLE_G2M
LRP8	WHITFIELD_CELL_CYCLE_G2M
LRRC17	WHITFIELD_CELL_CYCLE_G2M
MAPK13	WHITFIELD_CELL_CYCLE_G2M
MATN2	WHITFIELD_CELL_CYCLE_G2M
MCM4	WHITFIELD_CELL_CYCLE_G2M
MDC1	WHITFIELD_CELL_CYCLE_G2M
ME3	WHITFIELD_CELL_CYCLE_G2M
MIS18BP1	WHITFIELD_CELL_CYCLE_G2M
MKI67	WHITFIELD_CELL_CYCLE_G2M
MTCL2	WHITFIELD_CELL_CYCLE_G2M
MZT1	WHITFIELD_CELL_CYCLE_G2M
NCOA5	WHITFIELD_CELL_CYCLE_G2M
NDE1	WHITFIELD_CELL_CYCLE_G2M
NEK2	WHITFIELD_CELL_CYCLE_G2M
NUF2	WHITFIELD_CELL_CYCLE_G2M
NUP35	WHITFIELD_CELL_CYCLE_G2M
NUP98	WHITFIELD_CELL_CYCLE_G2M
NUSAP1	WHITFIELD_CELL_CYCLE_G2M
ODF2	WHITFIELD_CELL_CYCLE_G2M
OIT3	WHITFIELD_CELL_CYCLE_G2M
OLR1	WHITFIELD_CELL_CYCLE_G2M
PATJ	WHITFIELD_CELL_CYCLE_G2M
PBK	WHITFIELD_CELL_CYCLE_G2M
PCF11	WHITFIELD_CELL_CYCLE_G2M
PIK3CD	WHITFIELD_CELL_CYCLE_G2M
PIMREG	WHITFIELD_CELL_CYCLE_G2M
PLAG1	WHITFIELD_CELL_CYCLE_G2M
PLK1	WHITFIELD_CELL_CYCLE_G2M
POC1A	WHITFIELD_CELL_CYCLE_G2M
POM121	WHITFIELD_CELL_CYCLE_G2M
PPP1R10	WHITFIELD_CELL_CYCLE_G2M
PRPSAP1	WHITFIELD_CELL_CYCLE_G2M
PRR11	WHITFIELD_CELL_CYCLE_G2M
PRR5	WHITFIELD_CELL_CYCLE_G2M
PSMG3	WHITFIELD_CELL_CYCLE_G2M
PTGER3	WHITFIELD_CELL_CYCLE_G2M
PTP4A1	WHITFIELD_CELL_CYCLE_G2M
PTPN9	WHITFIELD_CELL_CYCLE_G2M
PYM1	WHITFIELD_CELL_CYCLE_G2M
QRICH1	WHITFIELD_CELL_CYCLE_G2M
RAD51C	WHITFIELD_CELL_CYCLE_G2M
RANGAP1	WHITFIELD_CELL_CYCLE_G2M
RASGEF1A	WHITFIELD_CELL_CYCLE_G2M
RBM8A	WHITFIELD_CELL_CYCLE_G2M
RCAN1	WHITFIELD_CELL_CYCLE_G2M
RCBTB2	WHITFIELD_CELL_CYCLE_G2M
RNF126	WHITFIELD_CELL_CYCLE_G2M
RNF141	WHITFIELD_CELL_CYCLE_G2M
RNPS1	WHITFIELD_CELL_CYCLE_G2M
RRP1	WHITFIELD_CELL_CYCLE_G2M
SAPCD2	WHITFIELD_CELL_CYCLE_G2M
SELENON	WHITFIELD_CELL_CYCLE_G2M
SFPQ	WHITFIELD_CELL_CYCLE_G2M
SGO2	WHITFIELD_CELL_CYCLE_G2M
SHCBP1	WHITFIELD_CELL_CYCLE_G2M
SLC17A2	WHITFIELD_CELL_CYCLE_G2M
SLC44A2	WHITFIELD_CELL_CYCLE_G2M
SMARCB1	WHITFIELD_CELL_CYCLE_G2M
SMARCD1	WHITFIELD_CELL_CYCLE_G2M
SMTN	WHITFIELD_CELL_CYCLE_G2M
SPAG5	WHITFIELD_CELL_CYCLE_G2M
SPDL1	WHITFIELD_CELL_CYCLE_G2M
SPTBN1	WHITFIELD_CELL_CYCLE_G2M
SRD5A1	WHITFIELD_CELL_CYCLE_G2M
SRSF3	WHITFIELD_CELL_CYCLE_G2M
SS18	WHITFIELD_CELL_CYCLE_G2M
STAT5B	WHITFIELD_CELL_CYCLE_G2M
TAB2	WHITFIELD_CELL_CYCLE_G2M
TFF3	WHITFIELD_CELL_CYCLE_G2M
TGIF1	WHITFIELD_CELL_CYCLE_G2M
THRAP3	WHITFIELD_CELL_CYCLE_G2M
TMCO4	WHITFIELD_CELL_CYCLE_G2M
TMEM138	WHITFIELD_CELL_CYCLE_G2M
TNFAIP8L1	WHITFIELD_CELL_CYCLE_G2M
TNPO1	WHITFIELD_CELL_CYCLE_G2M
TOMM34	WHITFIELD_CELL_CYCLE_G2M
TPX2	WHITFIELD_CELL_CYCLE_G2M
TRIP13	WHITFIELD_CELL_CYCLE_G2M
TSG101	WHITFIELD_CELL_CYCLE_G2M
TSKU	WHITFIELD_CELL_CYCLE_G2M
TSN	WHITFIELD_CELL_CYCLE_G2M
TTK	WHITFIELD_CELL_CYCLE_G2M
TUBB4B	WHITFIELD_CELL_CYCLE_G2M
TXNDC9	WHITFIELD_CELL_CYCLE_G2M
TXNRD1	WHITFIELD_CELL_CYCLE_G2M
USP13	WHITFIELD_CELL_CYCLE_G2M
USP16	WHITFIELD_CELL_CYCLE_G2M
VANGL1	WHITFIELD_CELL_CYCLE_G2M
WSB1	WHITFIELD_CELL_CYCLE_G2M
YWHAH	WHITFIELD_CELL_CYCLE_G2M
ZC3HC1	WHITFIELD_CELL_CYCLE_G2M
ZFX	WHITFIELD_CELL_CYCLE_G2M
ZMYM1	WHITFIELD_CELL_CYCLE_G2M
ZNF521	WHITFIELD_CELL_CYCLE_G2M
AURKA	WHITFIELD_CELL_CYCLE_LITERATURE
BIRC5	WHITFIELD_CELL_CYCLE_LITERATURE
BRCA1	WHITFIELD_CELL_CYCLE_LITERATURE
BRCA2	WHITFIELD_CELL_CYCLE_LITERATURE
BUB1	WHITFIELD_CELL_CYCLE_LITERATURE
BUB1B	WHITFIELD_CELL_CYCLE_LITERATURE
CCNA2	WHITFIELD_CELL_CYCLE_LITERATURE
CCNB1	WHITFIELD_CELL_CYCLE_LITERATURE
CCNB2	WHITFIELD_CELL_CYCLE_LITERATURE
CCNE1	WHITFIELD_CELL_CYCLE_LITERATURE
CCNE2	WHITFIELD_CELL_CYCLE_LITERATURE
CCNF	WHITFIELD_CELL_CYCLE_LITERATURE
CCNG2	WHITFIELD_CELL_CYCLE_LITERATURE
CDC20	WHITFIELD_CELL_CYCLE_LITERATURE
CDC25A	WHITFIELD_CELL_CYCLE_LITERATURE
CDC25B	WHITFIELD_CELL_CYCLE_LITERATURE
CDC25C	WHITFIELD_CELL_CYCLE_LITERATURE
CDC45	WHITFIELD_CELL_CYCLE_LITERATURE
CDC6	WHITFIELD_CELL_CYCLE_LITERATURE
CDK1	WHITFIELD_CELL_CYCLE_LITERATURE
CDKN1A	WHITFIELD_CELL_CYCLE_LITERATURE
CDKN2C	WHITFIELD_CELL_CYCLE_LITERATURE
CDKN2D	WHITFIELD_CELL_CYCLE_LITERATURE
CDKN3	WHITFIELD_CELL_CYCLE_LITERATURE
CENPA	WHITFIELD_CELL_CYCLE_LITERATURE
CENPF	WHITFIELD_CELL_CYCLE_LITERATURE
CKS2	WHITFIELD_CELL_CYCLE_LITERATURE
DHFR	WHITFIELD_CELL_CYCLE_LITERATURE
E2F1	WHITFIELD_CELL_CYCLE_LITERATURE
E2F5	WHITFIELD_CELL_CYCLE_LITERATURE
KIF20A	WHITFIELD_CELL_CYCLE_LITERATURE
MCM2	WHITFIELD_CELL_CYCLE_LITERATURE
MCM6	WHITFIELD_CELL_CYCLE_LITERATURE
MSH2	WHITFIELD_CELL_CYCLE_LITERATURE
NASP	WHITFIELD_CELL_CYCLE_LITERATURE
NPAT	WHITFIELD_CELL_CYCLE_LITERATURE
PCNA	WHITFIELD_CELL_CYCLE_LITERATURE
PLK1	WHITFIELD_CELL_CYCLE_LITERATURE
RACGAP1	WHITFIELD_CELL_CYCLE_LITERATURE
RRM1	WHITFIELD_CELL_CYCLE_LITERATURE
RRM2	WHITFIELD_CELL_CYCLE_LITERATURE
SLBP	WHITFIELD_CELL_CYCLE_LITERATURE
TOP2A	WHITFIELD_CELL_CYCLE_LITERATURE
TYMS	WHITFIELD_CELL_CYCLE_LITERATURE
AFAP1	WHITFIELD_CELL_CYCLE_MG1
AGFG1	WHITFIELD_CELL_CYCLE_MG1
AGPAT3	WHITFIELD_CELL_CYCLE_MG1
AKAP13	WHITFIELD_CELL_CYCLE_MG1
AMD1	WHITFIELD_CELL_CYCLE_MG1
ANP32E	WHITFIELD_CELL_CYCLE_MG1
ANTXR1	WHITFIELD_CELL_CYCLE_MG1
AOC2	WHITFIELD_CELL_CYCLE_MG1
AOC3	WHITFIELD_CELL_CYCLE_MG1
BTBD3	WHITFIELD_CELL_CYCLE_MG1
C3orf62	WHITFIELD_CELL_CYCLE_MG1
C4A	WHITFIELD_CELL_CYCLE_MG1
CBX3	WHITFIELD_CELL_CYCLE_MG1
CCND1	WHITFIELD_CELL_CYCLE_MG1
CCSAP	WHITFIELD_CELL_CYCLE_MG1
CD24	WHITFIELD_CELL_CYCLE_MG1
CDC42	WHITFIELD_CELL_CYCLE_MG1
CDK7	WHITFIELD_CELL_CYCLE_MG1
CDKN3	WHITFIELD_CELL_CYCLE_MG1
CEP20	WHITFIELD_CELL_CYCLE_MG1
CEP70	WHITFIELD_CELL_CYCLE_MG1
CNIH4	WHITFIELD_CELL_CYCLE_MG1
CRYBA1	WHITFIELD_CELL_CYCLE_MG1
CTR9	WHITFIELD_CELL_CYCLE_MG1
CWC15	WHITFIELD_CELL_CYCLE_MG1
CYTH3	WHITFIELD_CELL_CYCLE_MG1
DCP1A	WHITFIELD_CELL_CYCLE_MG1
DCTN6	WHITFIELD_CELL_CYCLE_MG1
DEXI	WHITFIELD_CELL_CYCLE_MG1
DKC1	WHITFIELD_CELL_CYCLE_MG1
DNAJB6	WHITFIELD_CELL_CYCLE_MG1
DSP	WHITFIELD_CELL_CYCLE_MG1
DYNLL1	WHITFIELD_CELL_CYCLE_MG1
ELP3	WHITFIELD_CELL_CYCLE_MG1
ENTREP3	WHITFIELD_CELL_CYCLE_MG1
FOXK2	WHITFIELD_CELL_CYCLE_MG1
FRS2	WHITFIELD_CELL_CYCLE_MG1
FXR1	WHITFIELD_CELL_CYCLE_MG1
GATA2	WHITFIELD_CELL_CYCLE_MG1
GDF15	WHITFIELD_CELL_CYCLE_MG1
GRPEL1	WHITFIELD_CELL_CYCLE_MG1
GSE1	WHITFIELD_CELL_CYCLE_MG1
GSPT1	WHITFIELD_CELL_CYCLE_MG1
H2BC21	WHITFIELD_CELL_CYCLE_MG1
HIF1A	WHITFIELD_CELL_CYCLE_MG1
HMG20B	WHITFIELD_CELL_CYCLE_MG1
HSPA8	WHITFIELD_CELL_CYCLE_MG1
IFIT1	WHITFIELD_CELL_CYCLE_MG1
IFIT2	WHITFIELD_CELL_CYCLE_MG1
ILF2	WHITFIELD_CELL_CYCLE_MG1
JMJD1C	WHITFIELD_CELL_CYCLE_MG1
KDM5B	WHITFIELD_CELL_CYCLE_MG1
KIAA0586	WHITFIELD_CELL_CYCLE_MG1
KPNB1	WHITFIELD_CELL_CYCLE_MG1
KRAS	WHITFIELD_CELL_CYCLE_MG1
LARP1	WHITFIELD_CELL_CYCLE_MG1
LARP7	WHITFIELD_CELL_CYCLE_MG1
LINC00641	WHITFIELD_CELL_CYCLE_MG1
LNP1	WHITFIELD_CELL_CYCLE_MG1
LRIF1	WHITFIELD_CELL_CYCLE_MG1
LYAR	WHITFIELD_CELL_CYCLE_MG1
MLLT6	WHITFIELD_CELL_CYCLE_MG1
MORF4L2	WHITFIELD_CELL_CYCLE_MG1
MRPL19	WHITFIELD_CELL_CYCLE_MG1
MRPS18B	WHITFIELD_CELL_CYCLE_MG1
MRPS2	WHITFIELD_CELL_CYCLE_MG1
MSL1	WHITFIELD_CELL_CYCLE_MG1
MTPN	WHITFIELD_CELL_CYCLE_MG1
NCOA3	WHITFIELD_CELL_CYCLE_MG1
NCS1	WHITFIELD_CELL_CYCLE_MG1
NFIA	WHITFIELD_CELL_CYCLE_MG1
NFIC	WHITFIELD_CELL_CYCLE_MG1
NOS1	WHITFIELD_CELL_CYCLE_MG1
NUCKS1	WHITFIELD_CELL_CYCLE_MG1
NUDCD2	WHITFIELD_CELL_CYCLE_MG1
NUDT4	WHITFIELD_CELL_CYCLE_MG1
NUFIP2	WHITFIELD_CELL_CYCLE_MG1
NUP37	WHITFIELD_CELL_CYCLE_MG1
ODF2	WHITFIELD_CELL_CYCLE_MG1
OPN3	WHITFIELD_CELL_CYCLE_MG1
PAK1IP1	WHITFIELD_CELL_CYCLE_MG1
PBK	WHITFIELD_CELL_CYCLE_MG1
PCF11	WHITFIELD_CELL_CYCLE_MG1
PLIN3	WHITFIELD_CELL_CYCLE_MG1
PLK2	WHITFIELD_CELL_CYCLE_MG1
PPP2CA	WHITFIELD_CELL_CYCLE_MG1
PPP2R2A	WHITFIELD_CELL_CYCLE_MG1
PPP6R3	WHITFIELD_CELL_CYCLE_MG1
PRC1	WHITFIELD_CELL_CYCLE_MG1
PSEN1	WHITFIELD_CELL_CYCLE_MG1
PTMS	WHITFIELD_CELL_CYCLE_MG1
PTTG1	WHITFIELD_CELL_CYCLE_MG1
RAB3A	WHITFIELD_CELL_CYCLE_MG1
RAD21	WHITFIELD_CELL_CYCLE_MG1
RHEB	WHITFIELD_CELL_CYCLE_MG1
RPL13A	WHITFIELD_CELL_CYCLE_MG1
SINHCAF	WHITFIELD_CELL_CYCLE_MG1
SLC39A10	WHITFIELD_CELL_CYCLE_MG1
SNHG16	WHITFIELD_CELL_CYCLE_MG1
SNUPN	WHITFIELD_CELL_CYCLE_MG1
SRSF3	WHITFIELD_CELL_CYCLE_MG1
TAF9	WHITFIELD_CELL_CYCLE_MG1
TCERG1	WHITFIELD_CELL_CYCLE_MG1
TICAM2	WHITFIELD_CELL_CYCLE_MG1
TLE3	WHITFIELD_CELL_CYCLE_MG1
TMEM138	WHITFIELD_CELL_CYCLE_MG1
TOB2	WHITFIELD_CELL_CYCLE_MG1
TOP1	WHITFIELD_CELL_CYCLE_MG1
TROAP	WHITFIELD_CELL_CYCLE_MG1
TSC22D1	WHITFIELD_CELL_CYCLE_MG1
TULP4	WHITFIELD_CELL_CYCLE_MG1
UBE2D3	WHITFIELD_CELL_CYCLE_MG1
USP6NL	WHITFIELD_CELL_CYCLE_MG1
VANGL1	WHITFIELD_CELL_CYCLE_MG1
VCL	WHITFIELD_CELL_CYCLE_MG1
VPS37C	WHITFIELD_CELL_CYCLE_MG1
WIPF2	WHITFIELD_CELL_CYCLE_MG1
WWC1	WHITFIELD_CELL_CYCLE_MG1
XPO4	WHITFIELD_CELL_CYCLE_MG1
YY1	WHITFIELD_CELL_CYCLE_MG1
ZCCHC10	WHITFIELD_CELL_CYCLE_MG1
ZFAS1	WHITFIELD_CELL_CYCLE_MG1
ZNF24	WHITFIELD_CELL_CYCLE_MG1
ZNFX1	WHITFIELD_CELL_CYCLE_MG1
ZPBP	WHITFIELD_CELL_CYCLE_MG1
ZSCAN5A	WHITFIELD_CELL_CYCLE_MG1
ABCA5	WHITFIELD_CELL_CYCLE_S
ABCC2	WHITFIELD_CELL_CYCLE_S
ABCC5	WHITFIELD_CELL_CYCLE_S
ABHD10	WHITFIELD_CELL_CYCLE_S
ACAP3	WHITFIELD_CELL_CYCLE_S
ADAM22	WHITFIELD_CELL_CYCLE_S
ADGRG6	WHITFIELD_CELL_CYCLE_S
ANKRD18A	WHITFIELD_CELL_CYCLE_S
ANKRD36	WHITFIELD_CELL_CYCLE_S
ANKRD36C	WHITFIELD_CELL_CYCLE_S
ARHGAP42	WHITFIELD_CELL_CYCLE_S
ASF1B	WHITFIELD_CELL_CYCLE_S
ASIP	WHITFIELD_CELL_CYCLE_S
ATAD2	WHITFIELD_CELL_CYCLE_S
ATOSA	WHITFIELD_CELL_CYCLE_S
BBS2	WHITFIELD_CELL_CYCLE_S
BIVM	WHITFIELD_CELL_CYCLE_S
BLM	WHITFIELD_CELL_CYCLE_S
BMI1	WHITFIELD_CELL_CYCLE_S
BRCA1	WHITFIELD_CELL_CYCLE_S
BRIP1	WHITFIELD_CELL_CYCLE_S
CALD1	WHITFIELD_CELL_CYCLE_S
CAPS	WHITFIELD_CELL_CYCLE_S
CASP2	WHITFIELD_CELL_CYCLE_S
CCDC14	WHITFIELD_CELL_CYCLE_S
CCDC150	WHITFIELD_CELL_CYCLE_S
CDC45	WHITFIELD_CELL_CYCLE_S
CDC7	WHITFIELD_CELL_CYCLE_S
CDCA5	WHITFIELD_CELL_CYCLE_S
CDH24	WHITFIELD_CELL_CYCLE_S
CDKN2AIP	WHITFIELD_CELL_CYCLE_S
CENATAC	WHITFIELD_CELL_CYCLE_S
CENPM	WHITFIELD_CELL_CYCLE_S
CENPQ	WHITFIELD_CELL_CYCLE_S
CENPU	WHITFIELD_CELL_CYCLE_S
CERS6	WHITFIELD_CELL_CYCLE_S
COL7A1	WHITFIELD_CELL_CYCLE_S
COQ9	WHITFIELD_CELL_CYCLE_S
CPLANE1	WHITFIELD_CELL_CYCLE_S
CPNE8	WHITFIELD_CELL_CYCLE_S
CREBZF	WHITFIELD_CELL_CYCLE_S
DCAF16	WHITFIELD_CELL_CYCLE_S
DCUN1D3	WHITFIELD_CELL_CYCLE_S
DDIAS	WHITFIELD_CELL_CYCLE_S
DEPDC7	WHITFIELD_CELL_CYCLE_S
DHFR	WHITFIELD_CELL_CYCLE_S
DMXL2	WHITFIELD_CELL_CYCLE_S
DNA2	WHITFIELD_CELL_CYCLE_S
DNAJB4	WHITFIELD_CELL_CYCLE_S
DNAJC6	WHITFIELD_CELL_CYCLE_S
DONSON	WHITFIELD_CELL_CYCLE_S
DSCC1	WHITFIELD_CELL_CYCLE_S
E2F8	WHITFIELD_CELL_CYCLE_S
EFHC1	WHITFIELD_CELL_CYCLE_S
EIF4EBP2	WHITFIELD_CELL_CYCLE_S
ESCO2	WHITFIELD_CELL_CYCLE_S
EXO1	WHITFIELD_CELL_CYCLE_S
EZH2	WHITFIELD_CELL_CYCLE_S
FANCA	WHITFIELD_CELL_CYCLE_S
FEN1	WHITFIELD_CELL_CYCLE_S
GCLM	WHITFIELD_CELL_CYCLE_S
GOLGA6L4	WHITFIELD_CELL_CYCLE_S
GOLGA8A	WHITFIELD_CELL_CYCLE_S
GOLGA8B	WHITFIELD_CELL_CYCLE_S
H1-0	WHITFIELD_CELL_CYCLE_S
H2AC17	WHITFIELD_CELL_CYCLE_S
H2AC6	WHITFIELD_CELL_CYCLE_S
H2BC4	WHITFIELD_CELL_CYCLE_S
H4C2	WHITFIELD_CELL_CYCLE_S
H4C3	WHITFIELD_CELL_CYCLE_S
H4C8	WHITFIELD_CELL_CYCLE_S
HAUS5	WHITFIELD_CELL_CYCLE_S
HELLS	WHITFIELD_CELL_CYCLE_S
HSPB8	WHITFIELD_CELL_CYCLE_S
IFIT1	WHITFIELD_CELL_CYCLE_S
INSIG2	WHITFIELD_CELL_CYCLE_S
INTS7	WHITFIELD_CELL_CYCLE_S
KAT2B	WHITFIELD_CELL_CYCLE_S
KIFC2	WHITFIELD_CELL_CYCLE_S
KLHL23	WHITFIELD_CELL_CYCLE_S
LINC00339	WHITFIELD_CELL_CYCLE_S
LIPH	WHITFIELD_CELL_CYCLE_S
LOC389831	WHITFIELD_CELL_CYCLE_S
LYRM7	WHITFIELD_CELL_CYCLE_S
MAN1A2	WHITFIELD_CELL_CYCLE_S
MAP3K2	WHITFIELD_CELL_CYCLE_S
MASTL	WHITFIELD_CELL_CYCLE_S
MBD4	WHITFIELD_CELL_CYCLE_S
MCM8	WHITFIELD_CELL_CYCLE_S
MEGF9	WHITFIELD_CELL_CYCLE_S
MITF	WHITFIELD_CELL_CYCLE_S
MYCBP2	WHITFIELD_CELL_CYCLE_S
NAB1	WHITFIELD_CELL_CYCLE_S
NEAT1	WHITFIELD_CELL_CYCLE_S
NFE2L2	WHITFIELD_CELL_CYCLE_S
NRDC	WHITFIELD_CELL_CYCLE_S
NT5DC1	WHITFIELD_CELL_CYCLE_S
NUP160	WHITFIELD_CELL_CYCLE_S
OGT	WHITFIELD_CELL_CYCLE_S
ORC3	WHITFIELD_CELL_CYCLE_S
OSER1	WHITFIELD_CELL_CYCLE_S
OSGIN2	WHITFIELD_CELL_CYCLE_S
PCLAF	WHITFIELD_CELL_CYCLE_S
PHIP	WHITFIELD_CELL_CYCLE_S
PHTF2	WHITFIELD_CELL_CYCLE_S
PKMYT1	WHITFIELD_CELL_CYCLE_S
POGLUT2	WHITFIELD_CELL_CYCLE_S
PRIM1	WHITFIELD_CELL_CYCLE_S
PRIM2	WHITFIELD_CELL_CYCLE_S
PTAR1	WHITFIELD_CELL_CYCLE_S
RAD18	WHITFIELD_CELL_CYCLE_S
RAD51	WHITFIELD_CELL_CYCLE_S
RAD51AP1	WHITFIELD_CELL_CYCLE_S
RAD54L	WHITFIELD_CELL_CYCLE_S
RBBP8	WHITFIELD_CELL_CYCLE_S
REEP1	WHITFIELD_CELL_CYCLE_S
RFC2	WHITFIELD_CELL_CYCLE_S
RFC4	WHITFIELD_CELL_CYCLE_S
RHOBTB3	WHITFIELD_CELL_CYCLE_S
RHPN1	WHITFIELD_CELL_CYCLE_S
RPA2	WHITFIELD_CELL_CYCLE_S
RRM1	WHITFIELD_CELL_CYCLE_S
RRM2	WHITFIELD_CELL_CYCLE_S
RSRC2	WHITFIELD_CELL_CYCLE_S
SAP30BP	WHITFIELD_CELL_CYCLE_S
SH3GL2	WHITFIELD_CELL_CYCLE_S
SHC1	WHITFIELD_CELL_CYCLE_S
SHTN1	WHITFIELD_CELL_CYCLE_S
SLC22A3	WHITFIELD_CELL_CYCLE_S
SLC25A27	WHITFIELD_CELL_CYCLE_S
SLC38A2	WHITFIELD_CELL_CYCLE_S
SLC9A3-AS1	WHITFIELD_CELL_CYCLE_S
SLF2	WHITFIELD_CELL_CYCLE_S
SP1	WHITFIELD_CELL_CYCLE_S
SRSF10	WHITFIELD_CELL_CYCLE_S
SRSF5	WHITFIELD_CELL_CYCLE_S
STAG3L1	WHITFIELD_CELL_CYCLE_S
SVIP	WHITFIELD_CELL_CYCLE_S
TMCC1	WHITFIELD_CELL_CYCLE_S
TOP2A	WHITFIELD_CELL_CYCLE_S
TRIM45	WHITFIELD_CELL_CYCLE_S
TTC31	WHITFIELD_CELL_CYCLE_S
TTLL7	WHITFIELD_CELL_CYCLE_S
TYMS	WHITFIELD_CELL_CYCLE_S
UBE2T	WHITFIELD_CELL_CYCLE_S
UBL3	WHITFIELD_CELL_CYCLE_S
USP1	WHITFIELD_CELL_CYCLE_S
ZBED5	WHITFIELD_CELL_CYCLE_S
ZNF217	WHITFIELD_CELL_CYCLE_S
ZWINT	WHITFIELD_CELL_CYCLE_S
